"id","sexo","programa","horas_sueño","promedio","café_diario","transporte","usa_biblioteca"
1,"M","Psicología",4.3,3.83,4,"Bus","Sí"
2,"F","Economía",6.2,4.12,3,"Bicicleta","No"
3,"F","Psicología",6.1,4.15,3,"Carro","Sí"
4,"F","Derecho",8.4,5,2,"Bus","Sí"
5,"M","Psicología",5.8,4.83,3,"Carro","Sí"
6,"F","Economía",6.3,4.84,3,"Carro","No"
7,"M","Derecho",7.6,4.43,2,"Bicicleta","Sí"
8,"F","Economía",7.7,4.81,2,"A pie","Sí"
9,"M","Economía",6.1,4.56,3,"A pie","No"
10,"F","Derecho",6.1,4.35,3,"Bus","No"
11,"F","Psicología",8.6,4.78,1,"A pie","No"
12,"M","Economía",9,5,1,"A pie","Sí"
13,"M","Psicología",7.6,5,2,"Bicicleta","No"
14,"F","Derecho",7.1,4.5,3,"Bicicleta","Sí"
15,"F","Psicología",6,4.77,4,"Bicicleta","Sí"
16,"M","Psicología",6.1,4.36,3,"Bus","No"
17,"F","Economía",5.9,4.05,3,"Bicicleta","Sí"
18,"F","Derecho",5.2,4.42,3,"A pie","Sí"
19,"M","Economía",6.9,4.52,4,"Carro","No"
20,"F","Economía",7.4,4.69,3,"Bicicleta","No"
21,"F","Derecho",7.2,4.23,2,"Bus","No"
22,"M","Derecho",5.6,4.4,3,"Carro","No"
23,"F","Psicología",6.2,4.16,3,"Carro","Sí"
24,"M","Economía",6.6,4.45,4,"Carro","Sí"
25,"F","Economía",5.5,3.88,3,"A pie","Sí"
26,"M","Economía",6,3.65,3,"Bicicleta","No"
27,"M","Economía",8.3,5,2,"A pie","Sí"
28,"F","Derecho",4,4.03,3,"Bicicleta","Sí"
29,"M","Psicología",6.4,4.49,3,"Bicicleta","No"
30,"F","Psicología",7.2,4.25,1,"Bus","Sí"
31,"F","Derecho",5.7,4.35,4,"A pie","Sí"
32,"F","Economía",4.2,3.61,4,"A pie","Sí"
33,"F","Derecho",7.9,5,2,"Bicicleta","No"
34,"F","Derecho",5.8,4.56,3,"A pie","No"
35,"M","Economía",5.6,4,2,"Carro","No"
36,"F","Psicología",7.2,5,3,"A pie","Sí"
37,"F","Psicología",8.9,5,1,"Bicicleta","Sí"
38,"F","Derecho",7.4,4.76,3,"Bicicleta","No"
39,"M","Economía",6.6,4.58,4,"Bus","Sí"
40,"M","Economía",5.4,3.26,4,"A pie","Sí"
41,"F","Psicología",7.9,4.91,2,"Carro","Sí"
42,"M","Economía",5.9,4.18,4,"Bus","Sí"
43,"M","Economía",6.2,4.53,3,"Bus","Sí"
44,"M","Psicología",5.9,4.21,3,"Bicicleta","No"
45,"M","Economía",5.3,4.13,3,"Carro","Sí"
46,"M","Economía",7.2,5,2,"A pie","Sí"
47,"M","Derecho",6.1,3.99,2,"Carro","No"
48,"F","Derecho",6.7,4.58,3,"Bus","No"
49,"F","Economía",4.7,4.15,4,"Bus","No"
50,"F","Psicología",7.1,4.8,2,"Bus","No"
51,"F","Economía",6.2,4.32,3,"A pie","Sí"
52,"M","Psicología",7.7,4.46,1,"A pie","Sí"
53,"F","Derecho",5.2,3.74,4,"Carro","No"
54,"F","Economía",5.9,4.15,1,"Carro","No"
55,"F","Derecho",4.4,4.21,4,"Carro","No"
56,"F","Derecho",5.4,4.18,3,"A pie","Sí"
57,"F","Psicología",6.6,4.74,3,"Bicicleta","Sí"
58,"F","Derecho",6.8,4.54,2,"Bicicleta","Sí"
59,"M","Psicología",8.3,4.96,2,"Bicicleta","Sí"
60,"M","Derecho",5.5,3.62,4,"Bicicleta","Sí"
61,"F","Economía",6.9,4.01,2,"A pie","No"
62,"M","Derecho",5.8,3.83,3,"Bicicleta","No"
63,"M","Economía",6.1,4.86,2,"A pie","No"
64,"F","Derecho",7.3,4.59,2,"Bus","No"
65,"F","Psicología",7.5,4.36,3,"Bus","Sí"
66,"M","Economía",8.9,5,1,"A pie","Sí"
67,"M","Derecho",5.8,3.99,3,"Bus","Sí"
68,"F","Psicología",6.6,4.47,2,"A pie","No"
69,"F","Derecho",5.2,3.91,3,"Bicicleta","Sí"
70,"F","Derecho",6.4,4.58,3,"Bus","No"
71,"F","Psicología",4.8,3.79,2,"Bus","Sí"
72,"M","Derecho",6.1,4.28,4,"Bus","Sí"
73,"M","Psicología",6.9,4.07,2,"Bicicleta","Sí"
74,"F","Economía",7.2,4.38,2,"Bus","Sí"
75,"F","Economía",7.8,5,1,"A pie","No"
76,"F","Derecho",6.8,4.16,2,"Bus","Sí"
77,"M","Psicología",6,3.96,3,"Carro","Sí"
78,"M","Derecho",6,4.25,2,"Bus","Sí"
79,"M","Psicología",6.5,4.59,3,"Carro","Sí"
80,"F","Economía",5.5,3.82,4,"A pie","No"
81,"M","Psicología",6.7,4.32,3,"Bicicleta","Sí"
82,"F","Economía",8.4,4.8,1,"A pie","No"
83,"M","Derecho",7.7,5,2,"Bicicleta","No"
84,"F","Psicología",7,4.44,3,"Carro","No"
85,"F","Psicología",5.7,4.58,3,"Carro","No"
86,"F","Derecho",8.5,5,2,"Carro","Sí"
87,"F","Psicología",6.1,4.65,2,"Bicicleta","No"
88,"F","Derecho",7.1,5,2,"Carro","No"
89,"F","Derecho",5.6,4.33,2,"Bicicleta","Sí"
90,"F","Psicología",6.3,4.87,3,"Bus","Sí"
91,"M","Economía",7.5,4.62,3,"Bus","No"
92,"M","Economía",6,4.52,4,"A pie","No"
93,"F","Psicología",7.5,4.59,2,"Carro","No"
94,"M","Derecho",8.7,5,2,"Carro","Sí"
95,"F","Psicología",5.9,4.25,3,"A pie","No"
96,"M","Psicología",7.1,4.75,3,"Carro","Sí"
97,"M","Derecho",6.2,4.67,3,"Bicicleta","Sí"
98,"M","Economía",7,4.69,2,"Carro","Sí"
99,"M","Psicología",5.6,4.32,3,"Bicicleta","No"
100,"F","Derecho",6.1,4.3,3,"Bus","Sí"
101,"M","Derecho",6.6,4.34,2,"Bus","Sí"
102,"M","Economía",6,4.35,4,"Bicicleta","Sí"
103,"F","Psicología",5.9,3.97,4,"Bicicleta","Sí"
104,"M","Psicología",7.9,4.96,2,"A pie","Sí"
105,"F","Derecho",6.1,4.06,3,"Bus","No"
106,"M","Economía",5.8,4.29,3,"A pie","Sí"
107,"M","Psicología",8,4.83,2,"Bus","Sí"
108,"F","Derecho",6.1,4.21,3,"A pie","No"
109,"M","Psicología",4,3.38,4,"Bus","No"
110,"M","Derecho",6.6,4.35,2,"Bus","Sí"
111,"M","Derecho",8.4,5,1,"A pie","Sí"
112,"F","Psicología",5.8,4.27,3,"A pie","Sí"
113,"M","Psicología",8.5,5,2,"A pie","No"
114,"M","Economía",6.3,4.21,3,"A pie","No"
115,"F","Psicología",7.5,4.67,1,"Carro","Sí"
116,"F","Economía",5.7,3.95,3,"Carro","Sí"
117,"F","Psicología",5.1,3.83,3,"A pie","No"
118,"M","Economía",7.5,4.79,2,"Bicicleta","No"
119,"F","Derecho",4.5,3.63,4,"A pie","No"
120,"F","Psicología",9,4.67,0,"Bicicleta","Sí"
121,"M","Derecho",6.4,4.26,3,"Bicicleta","Sí"
122,"M","Derecho",6.5,3.97,3,"Bus","No"
123,"M","Derecho",5.1,4.07,3,"Bicicleta","Sí"
124,"F","Psicología",7,4.74,2,"Bus","No"
125,"M","Derecho",7,4.64,2,"Carro","Sí"
126,"M","Psicología",6.1,4.12,3,"Carro","Sí"
127,"M","Derecho",7.2,4.26,3,"Bicicleta","Sí"
128,"M","Economía",6,3.87,3,"Bicicleta","Sí"
129,"F","Economía",5.5,4.05,3,"Carro","Sí"
130,"M","Derecho",8.3,4.8,3,"A pie","Sí"
131,"F","Derecho",8.1,5,2,"A pie","No"
132,"M","Derecho",5.2,4.4,4,"Bus","Sí"
133,"F","Derecho",5.4,4.04,3,"A pie","No"
134,"F","Psicología",4.7,3.86,4,"A pie","No"
135,"F","Derecho",5.6,4.05,3,"Bus","No"
136,"M","Economía",5.7,4.49,3,"Bus","Sí"
137,"M","Psicología",5.2,4.49,3,"Carro","Sí"
138,"F","Economía",6.1,4.33,3,"Bus","Sí"
139,"F","Economía",6.9,4.13,3,"Carro","No"
140,"M","Psicología",7.9,4.94,1,"Bicicleta","Sí"
141,"F","Derecho",4.8,3.83,3,"A pie","No"
142,"M","Derecho",6.9,4.65,3,"Bus","Sí"
143,"F","Economía",8.3,4.82,2,"Bicicleta","Sí"
144,"M","Psicología",5.2,4.36,4,"Bicicleta","Sí"
145,"F","Economía",4,3.69,4,"Bicicleta","No"
146,"M","Derecho",6.7,4.64,3,"Carro","No"
147,"F","Derecho",7.4,4.98,3,"Bus","No"
148,"F","Derecho",8.7,5,2,"Carro","Sí"
149,"F","Psicología",6,4.3,2,"A pie","Sí"
150,"M","Economía",6.3,4.27,3,"Bus","No"
151,"M","Economía",6.3,4.46,3,"Bus","Sí"
152,"M","Economía",8.7,4.58,1,"Bicicleta","No"
153,"F","Psicología",4.4,3.56,3,"Bicicleta","No"
154,"M","Psicología",7.4,4.55,2,"A pie","No"
155,"M","Economía",4,3.71,4,"Bus","No"
156,"F","Economía",7.4,4.43,2,"Bicicleta","No"
157,"F","Economía",7.2,4.77,3,"Bus","Sí"
158,"F","Psicología",5,3.49,2,"A pie","No"
159,"F","Psicología",7.4,4.62,2,"Bus","Sí"
160,"M","Economía",5.9,4.63,3,"A pie","Sí"
161,"F","Derecho",6.7,4.16,3,"Bicicleta","Sí"
162,"F","Psicología",5.7,4.38,3,"Bicicleta","Sí"
163,"M","Economía",6.3,3.96,3,"Carro","No"
164,"F","Economía",5.9,4.61,3,"Carro","Sí"
165,"F","Economía",4.7,3.99,3,"Bicicleta","Sí"
166,"M","Psicología",4,4.17,4,"Bus","No"
167,"F","Psicología",5.9,3.98,3,"A pie","No"
168,"F","Economía",5.2,3.96,4,"Bus","Sí"
169,"F","Psicología",5.9,4.39,3,"A pie","No"
170,"F","Derecho",7.1,4.57,3,"Bicicleta","No"
171,"F","Economía",8.4,4.88,2,"Bicicleta","No"
172,"F","Psicología",4.9,4.37,4,"Carro","No"
173,"M","Psicología",5.6,4.31,3,"Carro","Sí"
174,"M","Economía",5.1,4.2,4,"Carro","No"
175,"F","Economía",7.8,4.54,2,"A pie","Sí"
176,"M","Psicología",4,4.02,4,"A pie","No"
177,"F","Psicología",7.2,4.88,3,"A pie","No"
178,"F","Psicología",7.7,5,2,"A pie","Sí"
179,"M","Psicología",4,3.98,4,"Bus","No"
180,"F","Economía",5.4,4.3,3,"Bicicleta","No"
181,"M","Economía",7.5,4.7,2,"Bus","Sí"
182,"M","Derecho",7.4,4.74,2,"A pie","No"
183,"F","Economía",7.6,5,3,"A pie","No"
184,"M","Psicología",7.5,5,2,"A pie","Sí"
185,"M","Psicología",6.8,4.25,3,"Carro","No"
186,"M","Economía",7.9,5,2,"Bus","Sí"
187,"F","Psicología",5,3.98,3,"A pie","No"
188,"M","Psicología",6.6,4.34,3,"A pie","No"
189,"F","Psicología",7.5,4.65,2,"Bus","Sí"
190,"F","Economía",6,4.43,4,"Bicicleta","No"
191,"F","Derecho",5.2,4.31,4,"Bicicleta","Sí"
192,"M","Psicología",5.1,3.94,3,"Bus","Sí"
193,"F","Psicología",6.9,4.9,3,"Carro","Sí"
194,"F","Derecho",7.5,5,2,"Bicicleta","No"
195,"F","Derecho",6.9,3.99,3,"A pie","Sí"
196,"M","Derecho",8,4.68,2,"A pie","No"
197,"F","Psicología",6.3,4.28,2,"Bus","No"
198,"F","Psicología",7.2,4.31,3,"Bicicleta","Sí"
199,"F","Psicología",6.8,4.3,2,"Bus","Sí"
200,"F","Derecho",5.3,3.66,3,"A pie","No"
201,"M","Psicología",7,5,3,"A pie","Sí"
202,"F","Derecho",7,4.25,2,"Bicicleta","No"
203,"F","Economía",8.4,4.78,2,"A pie","No"
204,"F","Economía",6.3,4.15,2,"Carro","No"
205,"M","Economía",7.1,4.44,3,"Bicicleta","No"
206,"M","Psicología",7.2,4.4,3,"Carro","Sí"
207,"F","Derecho",7.3,5,2,"A pie","No"
208,"F","Psicología",7.1,5,3,"Carro","Sí"
209,"F","Psicología",4.9,3.84,2,"A pie","Sí"
210,"M","Psicología",9,5,1,"A pie","Sí"
211,"F","Psicología",5.7,4.53,3,"Bus","No"
212,"M","Psicología",6.8,4.22,2,"Bus","Sí"
213,"F","Psicología",5.5,4.15,2,"Bicicleta","No"
214,"M","Derecho",6.1,4.25,3,"Bicicleta","Sí"
215,"M","Derecho",6.3,4.33,3,"Bicicleta","No"
216,"M","Derecho",6.6,4.52,2,"Bicicleta","Sí"
217,"M","Psicología",5.6,3.75,3,"Bicicleta","No"
218,"F","Economía",4.9,4.29,3,"Carro","No"
219,"M","Psicología",7.8,5,1,"Carro","No"
220,"M","Psicología",5,4.15,3,"Bicicleta","No"
221,"F","Psicología",8.7,5,2,"A pie","Sí"
222,"F","Derecho",7.3,4.85,1,"Bicicleta","Sí"
223,"F","Economía",8.1,4.96,2,"A pie","Sí"
224,"F","Psicología",6.5,4.69,2,"Bicicleta","No"
225,"F","Derecho",6.1,3.99,4,"Bus","No"
226,"F","Economía",5.2,3.86,4,"Bicicleta","Sí"
227,"F","Psicología",6.3,4.27,3,"Carro","Sí"
228,"F","Psicología",7.8,4.85,1,"Bicicleta","Sí"
229,"F","Psicología",5.7,4.67,3,"Bicicleta","Sí"
230,"F","Derecho",6,4.37,3,"Carro","Sí"
231,"M","Economía",6.6,4.07,2,"Bus","Sí"
232,"F","Derecho",6.9,4.25,2,"Bicicleta","No"
233,"F","Economía",8.2,4.79,3,"Carro","No"
234,"M","Economía",4,3.69,4,"Carro","No"
235,"F","Economía",8.1,4.9,1,"Bus","Sí"
236,"M","Psicología",7.3,4.8,2,"Bicicleta","Sí"
237,"F","Economía",6.3,4.38,3,"Bus","Sí"
238,"F","Economía",7,4.98,3,"Bus","Sí"
239,"F","Economía",4.9,3.88,2,"Bicicleta","Sí"
240,"F","Economía",5.4,4.09,4,"A pie","Sí"
241,"F","Psicología",6.2,4.35,3,"Bicicleta","Sí"
242,"F","Psicología",7.3,4.87,3,"A pie","Sí"
243,"F","Derecho",6.2,4.48,3,"A pie","No"
244,"M","Psicología",8.6,5,1,"Bus","No"
245,"F","Psicología",6.2,4.74,3,"A pie","No"
246,"F","Psicología",5.8,4.26,2,"Carro","No"
247,"F","Economía",7.4,4.68,2,"Bus","Sí"
248,"F","Economía",6.4,4.28,3,"Carro","No"
249,"F","Derecho",4,3.41,4,"Bicicleta","No"
250,"M","Derecho",8.1,4.39,2,"Bicicleta","No"
251,"F","Derecho",4.8,4.56,4,"A pie","No"
252,"M","Economía",9,5,1,"A pie","Sí"
253,"F","Economía",6.8,3.82,2,"Bus","No"
254,"M","Economía",6.6,4.49,2,"Bicicleta","No"
255,"F","Derecho",6.7,4.47,2,"Bus","No"
256,"M","Psicología",5.8,3.83,2,"Bus","No"
257,"F","Psicología",8,5,1,"Bicicleta","No"
258,"F","Economía",7.9,4.7,2,"Carro","No"
259,"F","Derecho",7.5,5,2,"Bicicleta","Sí"
260,"F","Economía",5.8,4.73,3,"A pie","No"
261,"M","Economía",9,5,2,"Bus","Sí"
262,"F","Economía",6.8,4.8,3,"Carro","Sí"
263,"F","Derecho",7.3,4.46,2,"A pie","No"
264,"F","Psicología",8.3,5,1,"A pie","Sí"
265,"F","Economía",4.6,4.51,4,"A pie","No"
266,"F","Derecho",6.8,4.84,3,"Bus","No"
267,"F","Psicología",7.8,4.83,2,"Bus","Sí"
268,"M","Derecho",6.5,4.53,3,"A pie","Sí"
269,"F","Psicología",5.6,4.55,3,"Carro","Sí"
270,"F","Economía",5.5,3.93,4,"Bus","Sí"
271,"M","Derecho",7.9,5,2,"Carro","No"
272,"F","Economía",4.5,3.8,3,"A pie","No"
273,"F","Derecho",4.8,3.72,4,"Carro","No"
274,"F","Derecho",5.4,4.38,3,"Bus","No"
275,"F","Psicología",5.9,4.88,3,"Bicicleta","No"
276,"M","Economía",6.9,4.86,2,"Carro","Sí"
277,"F","Derecho",6.3,4.41,3,"A pie","Sí"
278,"M","Derecho",5.4,3.97,4,"Bicicleta","Sí"
279,"M","Derecho",6.4,4.54,3,"Bus","No"
280,"F","Derecho",8.1,5,2,"Carro","Sí"
281,"F","Psicología",6.5,4.34,3,"A pie","No"
282,"M","Psicología",5.8,4.44,2,"Carro","Sí"
283,"F","Psicología",6.6,4.35,3,"Bus","No"
284,"F","Derecho",5.9,4.33,2,"Bicicleta","Sí"
285,"M","Derecho",6.9,4.42,2,"A pie","No"
286,"M","Economía",6.6,4.48,3,"Bus","No"
287,"M","Economía",6.6,4.38,3,"Carro","Sí"
288,"F","Derecho",6.9,4.8,2,"A pie","Sí"
289,"F","Economía",6.4,4.34,2,"Bicicleta","No"
290,"F","Psicología",6.7,4.6,3,"A pie","Sí"
291,"F","Derecho",8.4,4.82,2,"Bicicleta","Sí"
292,"M","Psicología",4.8,3.89,3,"Bus","No"
293,"F","Economía",8.8,5,2,"Bicicleta","No"
294,"F","Economía",8.6,5,3,"A pie","Sí"
295,"M","Derecho",6.8,4.09,2,"Bus","No"
296,"M","Psicología",6.6,4.67,3,"Bus","No"
297,"M","Economía",7.5,5,2,"Bicicleta","No"
298,"F","Economía",6,4.06,3,"Carro","Sí"
299,"F","Psicología",6.9,4.68,2,"Carro","No"
300,"M","Psicología",7.7,4.69,2,"Bus","Sí"
301,"F","Economía",7.1,4.56,3,"Carro","Sí"
302,"F","Psicología",6.4,3.77,2,"Bus","Sí"
303,"F","Economía",5.7,4.15,3,"Carro","Sí"
304,"F","Psicología",6.7,4.53,3,"Carro","No"
305,"F","Derecho",6.2,4.63,3,"Bicicleta","No"
306,"M","Economía",6.3,4.75,2,"Carro","No"
307,"F","Psicología",5.7,4.65,2,"Bicicleta","No"
308,"F","Derecho",6.6,4.74,3,"Bicicleta","Sí"
309,"F","Economía",8.1,4.83,2,"Bicicleta","No"
310,"F","Economía",5.5,4.07,3,"A pie","Sí"
311,"M","Psicología",6.3,3.91,3,"A pie","No"
312,"F","Economía",6.8,5,2,"A pie","Sí"
313,"M","Derecho",6.7,4.25,3,"Bicicleta","No"
314,"F","Economía",6.6,4.39,2,"Bus","Sí"
315,"M","Derecho",6.1,4.53,3,"Carro","Sí"
316,"F","Derecho",6.5,4.61,2,"Carro","Sí"
317,"M","Economía",6.6,4.41,3,"Bicicleta","No"
318,"F","Economía",6.1,4.56,2,"Bus","No"
319,"M","Derecho",5.4,4.05,3,"A pie","No"
320,"F","Economía",5.8,3.66,4,"Bus","Sí"
321,"M","Derecho",6,4.09,2,"Bus","Sí"
322,"M","Psicología",6.4,4.8,3,"Bicicleta","No"
323,"M","Psicología",6.6,4.47,2,"Bicicleta","No"
324,"F","Economía",6.5,4.73,3,"A pie","No"
325,"F","Psicología",7.2,4.64,3,"Bicicleta","Sí"
326,"M","Economía",5.8,4.58,3,"A pie","Sí"
327,"F","Psicología",6.3,4.07,3,"Bicicleta","Sí"
328,"M","Psicología",5.8,4.91,4,"Carro","No"
329,"F","Economía",7.2,4.53,2,"A pie","Sí"
330,"M","Derecho",7.2,5,2,"A pie","No"
331,"F","Derecho",5.5,3.93,4,"Bicicleta","Sí"
332,"F","Derecho",8.5,4.69,3,"Bicicleta","No"
333,"F","Psicología",8.8,5,2,"Bus","No"
334,"F","Derecho",5.7,3.99,3,"A pie","No"
335,"F","Psicología",7.8,5,2,"A pie","Sí"
336,"F","Psicología",5.9,3.93,3,"Bicicleta","Sí"
337,"F","Derecho",5.8,3.88,4,"A pie","Sí"
338,"M","Derecho",6.3,4.09,3,"Bus","No"
339,"M","Economía",9,5,2,"A pie","No"
340,"M","Psicología",7.4,4.48,3,"A pie","No"
341,"M","Psicología",6.5,4.39,3,"A pie","No"
342,"M","Psicología",4.7,4.2,4,"Bicicleta","Sí"
343,"M","Psicología",5.9,5,2,"Bicicleta","Sí"
344,"M","Derecho",5.4,4.51,3,"Bus","Sí"
345,"F","Economía",4.1,3.48,4,"Bus","No"
346,"F","Derecho",4.2,3.58,3,"Bicicleta","Sí"
347,"M","Psicología",6.9,4.91,2,"A pie","Sí"
348,"F","Economía",6.2,4.2,3,"A pie","Sí"
349,"M","Psicología",7.2,4.36,3,"Carro","Sí"
350,"F","Derecho",5.6,3.99,3,"A pie","Sí"
351,"M","Economía",4.2,3.58,4,"Carro","Sí"
352,"F","Economía",7,4.69,3,"A pie","Sí"
353,"F","Derecho",5,4.27,4,"Carro","No"
354,"M","Psicología",4.2,3.32,4,"Bicicleta","No"
355,"M","Economía",7.3,4.59,2,"A pie","Sí"
356,"F","Derecho",6.3,4.53,3,"Bicicleta","No"
357,"F","Economía",6.5,4.27,3,"A pie","No"
358,"M","Derecho",8.1,5,2,"Bicicleta","No"
359,"F","Derecho",8.3,5,1,"Carro","No"
360,"F","Psicología",7.8,4.66,2,"Carro","No"
361,"M","Psicología",6.8,4.44,3,"Carro","No"
362,"F","Economía",9,4.92,1,"Bus","Sí"
363,"M","Derecho",7.6,4.97,2,"Bicicleta","Sí"
364,"F","Psicología",6,4.14,3,"Bicicleta","No"
365,"M","Derecho",5.2,3.83,4,"Bicicleta","Sí"
366,"F","Economía",7.1,4.82,3,"A pie","Sí"
367,"M","Derecho",7.7,5,2,"Bicicleta","Sí"
368,"F","Economía",5.8,4.91,2,"Bus","No"
369,"F","Economía",6.5,4.67,3,"Carro","Sí"
370,"F","Economía",5.8,4.23,4,"Bus","Sí"
371,"F","Psicología",6,4.5,2,"Carro","Sí"
372,"F","Economía",7.1,4.4,2,"Carro","Sí"
373,"M","Derecho",7.9,4.69,3,"Carro","No"
374,"M","Derecho",8,5,0,"Bicicleta","No"
375,"M","Derecho",5.3,4.46,4,"A pie","No"
376,"M","Psicología",8.1,4.61,2,"Bicicleta","Sí"
377,"M","Economía",5.7,4.13,4,"Bicicleta","No"
378,"M","Psicología",7,4.23,3,"Bicicleta","Sí"
379,"F","Derecho",7.1,4.33,2,"Bicicleta","Sí"
380,"M","Psicología",8.9,5,1,"Bus","No"
381,"M","Derecho",7.4,4.77,2,"A pie","No"
382,"F","Psicología",5.1,4.12,4,"Bus","No"
383,"M","Derecho",6.1,4.17,3,"Bicicleta","No"
384,"F","Psicología",5.4,4.13,3,"Bicicleta","Sí"
385,"M","Economía",6.7,4.28,3,"A pie","No"
386,"M","Economía",6.1,4.22,2,"Bicicleta","No"
387,"M","Psicología",8.7,5,2,"A pie","No"
388,"F","Economía",4.7,4.35,4,"Carro","Sí"
389,"M","Derecho",8.7,5,2,"Carro","No"
390,"F","Derecho",6.9,4.17,3,"Bicicleta","No"
391,"M","Derecho",4.9,4.27,3,"Carro","No"
392,"F","Psicología",6.4,4.39,3,"Carro","Sí"
393,"M","Derecho",5.9,4.19,3,"Carro","Sí"
394,"M","Economía",5.9,4.41,4,"Bus","Sí"
395,"M","Economía",7.1,4.6,2,"Bus","No"
396,"F","Economía",7.2,5,3,"Bicicleta","Sí"
397,"M","Economía",7.3,5,3,"Bus","Sí"
398,"F","Derecho",7.2,4.43,2,"Carro","No"
399,"F","Psicología",6.5,4.53,2,"Bicicleta","No"
400,"F","Psicología",8,5,3,"Bicicleta","No"
401,"F","Economía",6.2,4.46,4,"A pie","No"
402,"F","Economía",8.6,5,2,"Carro","Sí"
403,"F","Derecho",4.5,3.38,4,"Bicicleta","No"
404,"M","Derecho",8.6,4.79,0,"Bicicleta","Sí"
405,"F","Economía",7.4,4.46,2,"A pie","No"
406,"F","Derecho",5.5,4.2,4,"A pie","No"
407,"F","Economía",7.5,4.66,2,"Bus","Sí"
408,"F","Psicología",6.5,4.79,2,"Carro","Sí"
409,"F","Derecho",7,4.39,2,"Bus","Sí"
410,"F","Derecho",6.4,4.51,2,"A pie","No"
411,"F","Derecho",6,4.09,2,"A pie","Sí"
412,"F","Psicología",7.1,4.41,2,"Bus","No"
413,"F","Derecho",6,4.3,2,"Carro","Sí"
414,"F","Economía",7,5,3,"Carro","No"
415,"M","Derecho",6.9,4.82,3,"Bicicleta","No"
416,"F","Economía",6.5,4.69,4,"Bus","No"
417,"F","Derecho",7.3,5,1,"Bicicleta","Sí"
418,"F","Derecho",4.3,3.74,4,"A pie","Sí"
419,"M","Psicología",5.7,4.78,3,"Bicicleta","Sí"
420,"M","Derecho",5.5,3.82,2,"Carro","No"
421,"M","Psicología",6.5,4.48,4,"Bicicleta","No"
422,"F","Psicología",5.1,3.92,4,"Bus","No"
423,"F","Psicología",5.9,4.13,3,"Bicicleta","Sí"
424,"M","Derecho",5.8,4.36,3,"A pie","Sí"
425,"M","Psicología",6.2,4.85,3,"Carro","Sí"
426,"F","Psicología",7.3,4.63,2,"Bus","No"
427,"F","Economía",5.2,3.99,4,"Bicicleta","Sí"
428,"M","Economía",6.3,4.27,2,"A pie","No"
429,"M","Derecho",8.6,5,2,"Carro","Sí"
430,"F","Derecho",8.1,4.99,2,"Carro","No"
431,"M","Derecho",5.3,4.34,4,"Bus","Sí"
432,"F","Economía",6.5,5,2,"Carro","Sí"
433,"M","Psicología",6.1,4.14,3,"Carro","No"
434,"F","Derecho",5.7,4.53,3,"Bicicleta","Sí"
435,"M","Derecho",7.8,4.9,3,"A pie","Sí"
436,"F","Psicología",7.9,4.66,1,"Bus","No"
437,"F","Economía",5.8,3.96,3,"A pie","No"
438,"F","Derecho",7.1,4.54,2,"Carro","Sí"
439,"M","Psicología",6.9,5,3,"Bus","No"
440,"M","Psicología",7.6,4.26,0,"Bus","Sí"
441,"F","Economía",6.4,4.51,2,"Bicicleta","Sí"
442,"F","Economía",5.5,3.88,3,"A pie","No"
443,"F","Derecho",7.2,4.18,3,"A pie","No"
444,"F","Derecho",4.7,4.14,2,"Carro","Sí"
445,"F","Derecho",7.2,4.56,3,"A pie","Sí"
446,"M","Derecho",6.1,4.09,3,"Bus","No"
447,"F","Psicología",4,4.24,4,"Bus","Sí"
448,"F","Economía",9,5,2,"Bicicleta","No"
449,"F","Derecho",4.1,3.24,4,"Bicicleta","Sí"
450,"F","Derecho",9,5,1,"A pie","Sí"
451,"F","Psicología",6.3,4.34,2,"Bicicleta","Sí"
452,"M","Economía",4.2,3.75,4,"A pie","No"
453,"F","Economía",5.9,4.18,4,"Carro","Sí"
454,"M","Derecho",6.6,4.7,3,"A pie","No"
455,"M","Psicología",7.1,4.35,3,"A pie","No"
456,"M","Psicología",7.6,5,2,"A pie","Sí"
457,"F","Psicología",6.3,4.45,3,"Carro","No"
458,"F","Derecho",5.7,4.35,3,"Carro","Sí"
459,"F","Derecho",5.4,4.31,4,"Carro","No"
460,"M","Psicología",6.8,4.42,2,"A pie","Sí"
461,"M","Psicología",4,4.03,4,"Carro","No"
462,"M","Derecho",6.4,4.07,3,"A pie","Sí"
463,"F","Derecho",6.9,4.74,3,"Bus","Sí"
464,"F","Economía",6.6,4.77,2,"Bus","No"
465,"M","Economía",5,3.5,3,"Bicicleta","Sí"
466,"F","Derecho",7.1,4.53,3,"Bus","No"
467,"F","Economía",7.9,5,3,"Bus","Sí"
468,"F","Derecho",4.8,3.59,3,"A pie","No"
469,"F","Psicología",7.5,4.89,2,"Carro","No"
470,"M","Derecho",4.1,3.08,4,"Carro","Sí"
471,"F","Psicología",5.8,4.28,3,"Bus","Sí"
472,"M","Derecho",7,4.76,3,"Carro","No"
473,"F","Economía",8.2,4.63,2,"Bus","No"
474,"F","Economía",6.5,4.68,3,"A pie","Sí"
475,"M","Derecho",5.8,4.34,3,"Bus","No"
476,"F","Economía",6.3,4.55,2,"Bicicleta","No"
477,"M","Derecho",5.2,4.25,3,"Bicicleta","No"
478,"F","Psicología",7.3,4.84,2,"Bicicleta","No"
479,"M","Economía",7.5,4.54,3,"Carro","No"
480,"F","Psicología",4.1,3.7,3,"A pie","Sí"
481,"F","Economía",5.7,3.86,4,"Bus","Sí"
482,"M","Economía",6.6,4.83,3,"Bicicleta","Sí"
483,"F","Psicología",8.2,5,3,"Bicicleta","Sí"
484,"F","Psicología",5.3,4.26,3,"Carro","Sí"
485,"M","Economía",5.1,4.51,4,"Bicicleta","No"
486,"M","Derecho",6.8,4,2,"Bus","Sí"
487,"F","Psicología",5.9,4.24,3,"Bicicleta","No"
488,"M","Derecho",7.1,4.74,3,"Bicicleta","No"
489,"F","Psicología",6.3,3.79,3,"Carro","No"
490,"F","Economía",5.9,4.04,3,"Bus","No"
491,"F","Derecho",9,4.73,2,"A pie","Sí"
492,"M","Psicología",7.1,4.53,2,"Bicicleta","Sí"
493,"M","Economía",5.9,4.32,2,"Bus","Sí"
494,"F","Economía",5.8,4.25,4,"Carro","Sí"
495,"M","Psicología",6.2,4.3,2,"Bus","Sí"
496,"F","Economía",7.1,4.79,2,"Carro","No"
497,"F","Psicología",7.7,4.56,2,"Bicicleta","No"
498,"F","Economía",5.2,3.55,4,"Bicicleta","No"
499,"M","Economía",9,4.82,1,"Bus","Sí"
500,"F","Economía",5.7,4.85,4,"Bicicleta","Sí"
501,"M","Psicología",6.4,4.34,4,"A pie","No"
502,"F","Psicología",7.9,5,3,"A pie","No"
503,"M","Economía",6.8,4.66,2,"Bicicleta","Sí"
504,"M","Derecho",5.9,4.34,2,"Bicicleta","No"
505,"M","Derecho",6.1,4.81,2,"Carro","Sí"
506,"M","Psicología",7.2,4.92,3,"Bus","Sí"
507,"M","Economía",6.1,3.86,4,"Bicicleta","No"
508,"F","Psicología",5.6,4.03,3,"A pie","Sí"
509,"F","Psicología",6.1,3.65,3,"Bicicleta","Sí"
510,"F","Derecho",4.1,3.99,4,"Bus","Sí"
511,"M","Economía",6.1,4.39,3,"Carro","Sí"
512,"M","Psicología",6.5,4.28,3,"Bus","Sí"
513,"F","Derecho",6.6,4.08,3,"Bus","No"
514,"F","Economía",6.5,4.4,3,"Carro","No"
515,"M","Economía",9,5,1,"Carro","No"
516,"F","Psicología",7.9,4.99,2,"Bus","Sí"
517,"M","Economía",7.6,4.36,2,"Carro","No"
518,"F","Economía",6,4.6,2,"Bus","No"
519,"M","Psicología",7.5,4.86,3,"Bus","Sí"
520,"F","Derecho",6.7,4.29,4,"Bicicleta","No"
